1720962135772,66,GET USERS,200,OK,Endurance Test 1-1,text,true,,6758,142,1,1,https://jsonplaceholder.typicode.com/users?page=1,65,0,45
1720962135875,57,GET USERS,200,OK,Endurance Test 1-2,text,true,,6762,142,1,1,https://jsonplaceholder.typicode.com/users?page=2,55,0,33
1720962135970,58,GET USERS,200,OK,Endurance Test 1-3,text,true,,6758,142,1,1,https://jsonplaceholder.typicode.com/users?page=3,58,0,34
1720962136076,56,GET USERS,200,OK,Endurance Test 1-4,text,true,,6766,142,1,1,https://jsonplaceholder.typicode.com/users?page=4,55,0,31
1720962136175,54,GET USERS,200,OK,Endurance Test 1-5,text,true,,6774,142,1,1,https://jsonplaceholder.typicode.com/users?page=5,54,0,30
1720962136275,54,GET USERS,200,OK,Endurance Test 1-6,text,true,,6762,142,1,1,https://jsonplaceholder.typicode.com/users?page=6,53,0,29
1720962136375,62,GET USERS,200,OK,Endurance Test 1-7,text,true,,6762,142,1,1,https://jsonplaceholder.typicode.com/users?page=7,62,0,34
1720962136476,59,GET USERS,200,OK,Endurance Test 1-8,text,true,,6762,142,1,1,https://jsonplaceholder.typicode.com/users?page=8,58,0,33
1720962136577,58,GET USERS,200,OK,Endurance Test 1-9,text,true,,6762,142,1,1,https://jsonplaceholder.typicode.com/users?page=9,57,0,34
1720962136678,62,GET USERS,200,OK,Endurance Test 1-10,text,true,,6758,142,1,1,https://jsonplaceholder.typicode.com/users?page=1,61,0,37
1720963824231,88,GET USERS,200,OK,Endurance Test 1-1,text,true,,6759,142,2,2,https://jsonplaceholder.typicode.com/users?page=1,88,0,66
1720963824301,58,GET USERS,200,OK,Endurance Test 1-2,text,true,,6763,142,1,1,https://jsonplaceholder.typicode.com/users?page=2,55,0,33
1720963824401,55,GET USERS,200,OK,Endurance Test 1-3,text,true,,6759,142,1,1,https://jsonplaceholder.typicode.com/users?page=3,54,0,28
1720963824502,57,GET USERS,200,OK,Endurance Test 1-4,text,true,,6767,142,1,1,https://jsonplaceholder.typicode.com/users?page=4,52,0,29
1720963824602,54,GET USERS,200,OK,Endurance Test 1-5,text,true,,6775,142,1,1,https://jsonplaceholder.typicode.com/users?page=5,54,0,29
1720963824702,58,GET USERS,200,OK,Endurance Test 1-6,text,true,,6763,142,1,1,https://jsonplaceholder.typicode.com/users?page=6,57,0,30
1720963824801,57,GET USERS,200,OK,Endurance Test 1-7,text,true,,6763,142,1,1,https://jsonplaceholder.typicode.com/users?page=7,53,0,31
1720963824902,54,GET USERS,200,OK,Endurance Test 1-8,text,true,,6763,142,1,1,https://jsonplaceholder.typicode.com/users?page=8,54,0,28
1720963825002,54,GET USERS,200,OK,Endurance Test 1-9,text,true,,6763,142,1,1,https://jsonplaceholder.typicode.com/users?page=9,52,0,31
1720963825102,49,GET USERS,200,OK,Endurance Test 1-10,text,true,,6759,142,1,1,https://jsonplaceholder.typicode.com/users?page=1,48,0,27
